{
	"class_name" : "PinholeCameraParameters",
	"extrinsic" : 
	[
		0.91707201522539383,
		0.39255135562842658,
		-0.069873829755636663,
		0.0,
		-0.22062161361115717,
		0.35361086697018829,
		-0.90900245234443744,
		0.0,
		-0.33212199941895509,
		0.84903638788621794,
		0.41089194388193989,
		0.0,
		6.0728239020718719,
		-10.594602380677511,
		22.15809177478657,
		1.0
	],
	"intrinsic" : 
	{
		"height" : 1055,
		"intrinsic_matrix" : 
		[
			913.65680099258282,
			0.0,
			0.0,
			0.0,
			913.65680099258282,
			0.0,
			959.5,
			527.0,
			1.0
		],
		"width" : 1920
	},
	"version_major" : 1,
	"version_minor" : 0
}